"Symbol","Name","LastSale","MarketCap","IPOyear","Sector","industry","Summary Quote",
"XXII","22nd Century Group, Inc","0.7897","$109.65M","n/a","Consumer Non-Durables","Farming/Seeds/Milling","https://old.nasdaq.com/symbol/xxii",
"FAX","Aberdeen Asia-Pacific Income Fund Inc","3.83","$948.67M","1986","n/a","n/a","https://old.nasdaq.com/symbol/fax",
"IAF","Aberdeen Australia Equity Fund Inc","4.58","$104.16M","n/a","n/a","n/a","https://old.nasdaq.com/symbol/iaf",
"AEF","Aberdeen Emerging Markets Equity Income Fund, Inc.","6.39","$324.3M","n/a","n/a","n/a","https://old.nasdaq.com/symbol/aef",
"FCO","Aberdeen Global Income Fund, Inc.","6.33","$55.23M","1992","n/a","n/a","https://old.nasdaq.com/symbol/fco",
"ACU","Acme United Corporation.","24.42","$81.51M","1988","Capital Goods","Industrial Machinery/Components","https://old.nasdaq.com/symbol/acu",
"ATNM","Actinium Pharmaceuticals, Inc.","0.4","$158.06M","n/a","Health Care","Major Pharmaceuticals","https://old.nasdaq.com/symbol/atnm",
"AE","Adams Resources & Energy, Inc.","22.84","$96.74M","n/a","Energy","Oil Refining/Marketing","https://old.nasdaq.com/symbol/ae",
"ACY","AeroCentury Corp.","3","$4.64M","n/a","Technology","Diversified Commercial Services","https://old.nasdaq.com/symbol/acy",
"UAVS","AgEagle Aerial Systems, Inc.","3.28","$143.07M","n/a","Capital Goods","Aerospace","https://old.nasdaq.com/symbol/uavs",
"AGE","AgeX Therapeutics, Inc.","0.9575","$36.06M","2018","Health Care","Major Pharmaceuticals","https://old.nasdaq.com/symbol/age",
"AIRI","Air Industries Group","1.23","$37.61M","n/a","Capital Goods","Military/Government/Technical","https://old.nasdaq.com/symbol/airi",
"AXU","Alexco Resource Corp","2.52","$341.93M","n/a","Basic Industries","Precious Metals","https://old.nasdaq.com/symbol/axu",
"AAU","Almaden Minerals, Ltd.","0.4991","$58.51M","2015","Basic Industries","Precious Metals","https://old.nasdaq.com/symbol/aau",
"APT","Alpha Pro Tech, Ltd.","20.57","$279.3M","n/a","Health Care","Industrial Specialties","https://old.nasdaq.com/symbol/apt",
"AAMC","Altisource Asset Management Corp","14.1436","$23M","n/a","Finance","Real Estate","https://old.nasdaq.com/symbol/aamc",
"AMBO","Ambow Education Holding Ltd.","2.7143","$59.14M","n/a","Consumer Services","Other Consumer Services","https://old.nasdaq.com/symbol/ambo",
"DIT","AMCON Distributing Company","60","$33.93M","n/a","Consumer Non-Durables","Food Distributors","https://old.nasdaq.com/symbol/dit",
"AMS","American Shared Hospital Services","2.01","$11.43M","n/a","Health Care","Medical Specialities","https://old.nasdaq.com/symbol/ams",
"USAS","Americas Gold and Silver Corporation","2.74","$290.43M","2017","Basic Industries","Precious Metals","https://old.nasdaq.com/symbol/usas",
"AMPE","Ampio Pharmaceuticals, Inc.","0.67","$110.45M","n/a","Health Care","Major Pharmaceuticals","https://old.nasdaq.com/symbol/ampe",
"ANVS","Annovis Bio, Inc.","6.11","$41.91M","2020","Health Care","Major Pharmaceuticals","https://old.nasdaq.com/symbol/anvs",
"ARMP","Armata Pharmaceuticals, Inc.","3.95","$73.65M","n/a","Health Care","Biotechnology: Biological Products (No Diagnostic Substances)","https://old.nasdaq.com/symbol/armp",
"AINC","Ashford Inc.","8.685","$21.95M","2014","Consumer Services","Professional Services","https://old.nasdaq.com/symbol/ainc",
"AUG","Auryn Resources Inc.","2.24","$238.97M","n/a","Basic Industries","Precious Metals","https://old.nasdaq.com/symbol/aug",
"AWX","Avalon Holdings Corporation","1.71","$6.63M","n/a","Public Utilities","Environmental Services","https://old.nasdaq.com/symbol/awx",
"ASM","Avino Silver","0.74","$57.18M","n/a","Basic Industries","Precious Metals","https://old.nasdaq.com/symbol/asm",
"BTG","B2Gold Corp","6.15","$6.4B","n/a","Basic Industries","Precious Metals","https://old.nasdaq.com/symbol/btg",
"BTN","Ballantyne Strong, Inc","1.58","$23.15M","n/a","Miscellaneous","Industrial Machinery/Components","https://old.nasdaq.com/symbol/btn",
"BCV","Bancroft Fund Limited","25.57","$136.88M","n/a","n/a","n/a","https://old.nasdaq.com/symbol/bcv",
"BCV^A","Bancroft Fund Limited","25.54","n/a","n/a","n/a","n/a","https://old.nasdaq.com/symbol/bcv^a",
"BHB","Bar Harbor Bankshares, Inc.","20.67","$321.08M","n/a","Finance","Major Banks","https://old.nasdaq.com/symbol/bhb",
"BRN","Barnwell Industries, Inc.","0.9747","$8.07M","n/a","Energy","Oil & Gas Production","https://old.nasdaq.com/symbol/brn",
"BATL","Battalion Oil Corporation","8.1","$131.25M","n/a","Energy","Oil & Gas Production","https://old.nasdaq.com/symbol/batl",
"BIOX","Bioceres Crop Solutions Corp.","5.565","$201.01M","2018","Basic Industries","Agricultural Chemicals","https://old.nasdaq.com/symbol/biox",
"BIOX.WS","Bioceres Crop Solutions Corp.","n/a","n/a","n/a","n/a","n/a","https://old.nasdaq.com/symbol/biox.ws",
"PHGE","BiomX Inc.","5.47","$125.4M","2019","Health Care","Biotechnology: Biological Products (No Diagnostic Substances)","https://old.nasdaq.com/symbol/phge",
"PHGE.U","BiomX Inc.","n/a","n/a","2018","n/a","n/a","https://old.nasdaq.com/symbol/phge.u",
"PHGE.WS","BiomX Inc.","n/a","n/a","n/a","n/a","n/a","https://old.nasdaq.com/symbol/phge.ws",
"BGI","Birks Group Inc.","0.98","$17.61M","n/a","Consumer Services","Consumer Specialties","https://old.nasdaq.com/symbol/bgi",
"BKTI","BK Technologies Corporation","3.33","$41.6M","n/a","Technology","Radio And Television Broadcasting And Communications Equipment","https://old.nasdaq.com/symbol/bkti",
"BDR","Blonder Tongue Laboratories, Inc.","0.7202","$6.94M","n/a","Technology","Radio And Television Broadcasting And Communications Equipment","https://old.nasdaq.com/symbol/bdr",
"BRBS","Blue Ridge Bankshares, Inc.","15.6","$88.29M","n/a","Finance","Major Banks","https://old.nasdaq.com/symbol/brbs",
"BRG","Bluerock Residential Growth REIT, Inc.","7.42","$180.19M","2014","Consumer Services","Real Estate Investment Trusts","https://old.nasdaq.com/symbol/brg",
"BRG^A","Bluerock Residential Growth REIT, Inc.","24.1201","n/a","n/a","n/a","n/a","https://old.nasdaq.com/symbol/brg^a",
"BRG^C","Bluerock Residential Growth REIT, Inc.","23.2","n/a","n/a","n/a","n/a","https://old.nasdaq.com/symbol/brg^c",
"BRG^D","Bluerock Residential Growth REIT, Inc.","22.41","n/a","n/a","n/a","n/a","https://old.nasdaq.com/symbol/brg^d",
"DMF","BNY Mellon Municipal Income Inc.","8.55","$177.4M","1988","n/a","n/a","https://old.nasdaq.com/symbol/dmf",
"BWL.A","Bowl America, Inc.","n/a","n/a","n/a","n/a","n/a","https://old.nasdaq.com/symbol/bwl.a",
"BRMK.WS","Broadmark Realty Capital Inc.","n/a","n/a","n/a","n/a","n/a","https://old.nasdaq.com/symbol/brmk.ws",
"CMCL","Caledonia Mining Corporation Plc","19.19","$221.09M","n/a","Basic Industries","Precious Metals","https://old.nasdaq.com/symbol/cmcl",
"CEI","Camber Energy, Inc.","0.911","$11.99M","n/a","Energy","Oil & Gas Production","https://old.nasdaq.com/symbol/cei",
"CANF","Can-Fite Biopharma Ltd","2.08","$32.06M","n/a","Health Care","Major Pharmaceuticals","https://old.nasdaq.com/symbol/canf",
"YCBD","cbdMD, Inc.","2.72","$139.63M","2017","Consumer Non-Durables","Package Goods/Cosmetics","https://old.nasdaq.com/symbol/ycbd",
"YCBD^A","cbdMD, Inc.","7.943","n/a","n/a","n/a","n/a","https://old.nasdaq.com/symbol/ycbd^a",
"CVM","Cel-Sci Corporation","14.46","$544.19M","n/a","Health Care","Biotechnology: Biological Products (No Diagnostic Substances)","https://old.nasdaq.com/symbol/cvm",
"CET","Central Securities Corporation","29.6","$766.32M","n/a","n/a","n/a","https://old.nasdaq.com/symbol/cet",
"LEU","Centrus Energy Corp.","11.18","$106.24M","2014","Basic Industries","Mining & Quarrying of Nonmetallic Minerals (No Fuels)","https://old.nasdaq.com/symbol/leu",
"CHAQ","Chardan Healthcare Acquisition 2 Corp.","10.05","n/a","2020","Finance","Business Services","https://old.nasdaq.com/symbol/chaq",
"CHAQ.U","Chardan Healthcare Acquisition 2 Corp.","n/a","n/a","2020","n/a","n/a","https://old.nasdaq.com/symbol/chaq.u",
"CHAQ.WS","Chardan Healthcare Acquisition 2 Corp.","n/a","n/a","n/a","n/a","n/a","https://old.nasdaq.com/symbol/chaq.ws",
"CCF","Chase Corporation","106.2","$1B","n/a","Consumer Durables","Building Products","https://old.nasdaq.com/symbol/ccf",
"CQP","Cheniere Energy Partners, LP","33.55","$16.24B","2007","Public Utilities","Oil/Gas Transmission","https://old.nasdaq.com/symbol/cqp",
"LNG","Cheniere Energy, Inc.","49.84","$12.57B","n/a","Public Utilities","Oil/Gas Transmission","https://old.nasdaq.com/symbol/lng",
"CVR","Chicago Rivet & Machine Co.","20.85","$20.14M","n/a","Technology","Industrial Machinery/Components","https://old.nasdaq.com/symbol/cvr",
"CPHI","China Pharma Holdings, Inc.","0.5837","$25.44M","n/a","Health Care","Major Pharmaceuticals","https://old.nasdaq.com/symbol/cphi",
"CKX","CKX Lands, Inc.","8.9499","$17.39M","n/a","Energy","Oil & Gas Production","https://old.nasdaq.com/symbol/ckx",
"GLV","Clough Global Dividend and Income Fund","9.34","$78.53M","2004","n/a","n/a","https://old.nasdaq.com/symbol/glv",
"GLQ","Clough Global Equity Fund","11.41","$150.96M","2005","n/a","n/a","https://old.nasdaq.com/symbol/glq",
"GLO","Clough Global Opportunities Fund","9.31","$300.01M","2006","n/a","n/a","https://old.nasdaq.com/symbol/glo",
"COHN","Cohen & Company Inc.","12.1","$15.09M","n/a","Finance","Investment Bankers/Brokers/Service","https://old.nasdaq.com/symbol/cohn",
"CIX","CompX International Inc.","14.33","$178.31M","1998","Capital Goods","Industrial Machinery/Components","https://old.nasdaq.com/symbol/cix",
"LODE","Comstock Mining, Inc.","0.6478","$18.26M","n/a","Basic Industries","Precious Metals","https://old.nasdaq.com/symbol/lode",
"CDOR","Condor Hospitality Trust, Inc.","3.83","$45.98M","n/a","Consumer Services","Real Estate Investment Trusts","https://old.nasdaq.com/symbol/cdor",
"MCF","Contango Oil & Gas Company","2.06","$271.41M","n/a","Energy","Oil & Gas Production","https://old.nasdaq.com/symbol/mcf",
"CMT","Core Molding Technologies Inc","4.43","$36.39M","n/a","Consumer Non-Durables","Plastic Products","https://old.nasdaq.com/symbol/cmt",
"CRMD","CorMedix Inc.","5.74","$149.97M","n/a","Health Care","Major Pharmaceuticals","https://old.nasdaq.com/symbol/crmd",
"CRF","Cornerstone Strategic Return Fund, Inc. (The)","10.14","$404.05M","n/a","n/a","n/a","https://old.nasdaq.com/symbol/crf",
"CLM","Cornerstone Strategic Value Fund, Inc.","10.4","$782.42M","1987","n/a","n/a","https://old.nasdaq.com/symbol/clm",
"CVU","CPI Aerostructures, Inc.","3.58","$42.45M","n/a","Capital Goods","Military/Government/Technical","https://old.nasdaq.com/symbol/cvu",
"CIK","Credit Suisse Asset Management Income Fund, Inc.","2.72","$142.27M","n/a","n/a","n/a","https://old.nasdaq.com/symbol/cik",
"DHY","Credit Suisse High Yield Bond Fund","2.02","$209.08M","1998","n/a","n/a","https://old.nasdaq.com/symbol/dhy",
"CRHM","CRH Medical Corporation","2.28","$163.17M","2015","Health Care","Medical/Nursing Services","https://old.nasdaq.com/symbol/crhm",
"CTO","CTO Realty Growth, Inc.","38.01","$179.15M","n/a","Finance","Real Estate","https://old.nasdaq.com/symbol/cto",
"CTEK","CynergisTek, Inc.","2.04","$21.32M","2017","Miscellaneous","Business Services","https://old.nasdaq.com/symbol/ctek",
"DXR","Daxor Corporation","23.78","$92.47M","n/a","Health Care","Medical/Dental Instruments","https://old.nasdaq.com/symbol/dxr",
"VCF","Delaware Investments Colorado Municipal Income Fund, Inc","13.71","$66.32M","1993","n/a","n/a","https://old.nasdaq.com/symbol/vcf",
"VFL","Delaware Investments Florida Insured Municipal Income Fund","12.53","$56.74M","1993","n/a","n/a","https://old.nasdaq.com/symbol/vfl",
"VMM","Delaware Investments Minnesota Municipal Income Fund II, Inc.","12.86","$147.95M","1993","n/a","n/a","https://old.nasdaq.com/symbol/vmm",
"DLA","Delta Apparel, Inc.","12.6","$86.82M","n/a","Consumer Non-Durables","Apparel","https://old.nasdaq.com/symbol/dla",
"DNN","Denison Mine Corp","0.3965","$248.23M","n/a","Basic Industries","Precious Metals","https://old.nasdaq.com/symbol/dnn",
"DSS","Document Security Systems, Inc.","7.44","$29.94M","n/a","Consumer Durables","Containers/Packaging","https://old.nasdaq.com/symbol/dss",
"DPW","DPW Holdings, Inc.","2.06","$12.59M","n/a","Capital Goods","Industrial Machinery/Components","https://old.nasdaq.com/symbol/dpw",
"DXF","Dunxin Financial Holdings Limited","0.6966","$14.53M","n/a","Finance","Finance: Consumer Services","https://old.nasdaq.com/symbol/dxf",
"GRF","Eagle Capital Growth Fund, Inc.","6.8099","$27.75M","n/a","n/a","n/a","https://old.nasdaq.com/symbol/grf",
"EVM","Eaton Vance California Municipal Bond Fund","11.44","$285.94M","2002","n/a","n/a","https://old.nasdaq.com/symbol/evm",
"CEV","Eaton Vance California Municipal Income Trust","13.32","$95.02M","1999","n/a","n/a","https://old.nasdaq.com/symbol/cev",
"EVV","Eaton Vance Limited Duration Income Fund","11.15","$1.3B","2003","n/a","n/a","https://old.nasdaq.com/symbol/evv",
"EIM","Eaton Vance Municipal Bond Fund","13.12","$993.71M","2002","n/a","n/a","https://old.nasdaq.com/symbol/eim",
"ENX","Eaton Vance New York Municipal Bond Fund","11.96","$216.69M","2002","n/a","n/a","https://old.nasdaq.com/symbol/enx",
"EVY","Eaton Vance New York Municipal Income Trust","12.917","$69.78M","1999","n/a","n/a","https://old.nasdaq.com/symbol/evy",
"ELMD","Electromed, Inc.","16.1","$136.59M","2011","Health Care","Biotechnology: Electromedical & Electrotherapeutic Apparatus","https://old.nasdaq.com/symbol/elmd",
"ELLO","Ellomay Capital Ltd.","24.5","$298.76M","n/a","Public Utilities","Electric Utilities: Central","https://old.nasdaq.com/symbol/ello",
"ECF","Ellsworth Growth and Income Fund Ltd.","11.65","$153.84M","1986","n/a","n/a","https://old.nasdaq.com/symbol/ecf",
"ECF^A","Ellsworth Growth and Income Fund Ltd.","25.7499","n/a","n/a","n/a","n/a","https://old.nasdaq.com/symbol/ecf^a",
"EMAN","eMagin Corporation","0.8413","$51.5M","n/a","Technology","Semiconductors","https://old.nasdaq.com/symbol/eman",
"MSN","Emerson Radio Corporation","0.668","$14.06M","n/a","Consumer Non-Durables","Consumer Electronics/Appliances","https://old.nasdaq.com/symbol/msn",
"EMX","EMX Royalty Corporation","2.71","$225.31M","n/a","Basic Industries","Precious Metals","https://old.nasdaq.com/symbol/emx",
"UUUU","Energy Fuels Inc","1.75","$205.67M","n/a","Basic Industries","Mining & Quarrying of Nonmetallic Minerals (No Fuels)","https://old.nasdaq.com/symbol/uuuu",
"UUUU.WS","Energy Fuels Inc","n/a","n/a","n/a","n/a","n/a","https://old.nasdaq.com/symbol/uuuu.ws",
"ENSV","ENSERVCO Corporation","0.1607","$8.94M","n/a","Energy","Oilfield Services/Equipment","https://old.nasdaq.com/symbol/ensv",
"ELA","Envela Corporation","3.89","$104.74M","n/a","Consumer Services","Consumer Specialties","https://old.nasdaq.com/symbol/ela",
"EQX","Equinox Gold Corp.","11.26","$2.68B","n/a","Basic Industries","Precious Metals","https://old.nasdaq.com/symbol/eqx",
"ESP","Espey Mfg. & Electronics Corp.","18.16","$43.63M","n/a","Capital Goods","Industrial Machinery/Components","https://old.nasdaq.com/symbol/esp",
"EVBN","Evans Bancorp, Inc.","23.3","$125.28M","n/a","Finance","Major Banks","https://old.nasdaq.com/symbol/evbn",
"EVI","EVI Industries, Inc.","24.92","$296.91M","n/a","Consumer Services","Other Consumer Services","https://old.nasdaq.com/symbol/evi",
"EPM","Evolution Petroleum Corporation, Inc.","2.69","$88.65M","n/a","Energy","Oil & Gas Production","https://old.nasdaq.com/symbol/epm",
"FEN","First Trust Energy Income and Growth Fund","10.36","$207.42M","2004","n/a","n/a","https://old.nasdaq.com/symbol/fen",
"BDL","Flanigan&#39;s Enterprises, Inc.","15.05","$27.97M","n/a","Consumer Services","Restaurants","https://old.nasdaq.com/symbol/bdl",
"FSI","Flexible Solutions International Inc.","2.2","$26.93M","n/a","Basic Industries","Major Chemicals","https://old.nasdaq.com/symbol/fsi",
"FTF","Franklin Limited Duration Income Trust","8.52","$256.78M","2003","n/a","n/a","https://old.nasdaq.com/symbol/ftf",
"FSP","Franklin Street Properties Corp.","4.78","$512.75M","n/a","Consumer Services","Real Estate Investment Trusts","https://old.nasdaq.com/symbol/fsp",
"FRD","Friedman Industries Inc.","5.14","$36.39M","n/a","Capital Goods","Steel/Iron Ore","https://old.nasdaq.com/symbol/frd",
"FTSI","FTS International, Inc.","6.9","$37.11M","2018","Energy","Oilfield Services/Equipment","https://old.nasdaq.com/symbol/ftsi",
"GAU","Galiano Gold Inc.","1.52","$338.45M","n/a","Basic Industries","Mining & Quarrying of Nonmetallic Minerals (No Fuels)","https://old.nasdaq.com/symbol/gau",
"GGN","GAMCO Global Gold, Natural Reources & Income Trust ","3.52","$581.92M","2005","n/a","n/a","https://old.nasdaq.com/symbol/ggn",
"GGN^B","GAMCO Global Gold, Natural Reources & Income Trust ","25.1","n/a","n/a","n/a","n/a","https://old.nasdaq.com/symbol/ggn^b",
"JOB","GEE Group Inc.","1.14","$20.11M","n/a","Technology","Diversified Commercial Services","https://old.nasdaq.com/symbol/job",
"GMO","General Moly, Inc","0.228","$34.81M","n/a","Basic Industries","Precious Metals","https://old.nasdaq.com/symbol/gmo",
"GSB","GlobalSCAPE, Inc.","8.19","$153.24M","n/a","Technology","Computer Software: Prepackaged Software","https://old.nasdaq.com/symbol/gsb",
"GSAT","Globalstar, Inc.","0.3501","$584.2M","2006","Consumer Services","Telecommunications Equipment","https://old.nasdaq.com/symbol/gsat",
"GORO","Gold Resource Corporation","4.18","$292.71M","n/a","Basic Industries","Precious Metals","https://old.nasdaq.com/symbol/goro",
"GSV","Gold Standard Ventures Corporation","0.8638","$245.65M","n/a","Basic Industries","Mining & Quarrying of Nonmetallic Minerals (No Fuels)","https://old.nasdaq.com/symbol/gsv",
"AUMN","Golden Minerals Company","0.4859","$62.28M","n/a","Basic Industries","Precious Metals","https://old.nasdaq.com/symbol/aumn",
"GSS","Golden Star Resources, Ltd","3.08","$338.46M","n/a","Basic Industries","Precious Metals","https://old.nasdaq.com/symbol/gss",
"GV","Goldfield Corporation (The)","3.56","$87.3M","n/a","Basic Industries","Water Supply","https://old.nasdaq.com/symbol/gv",
"GDP","Goodrich Petroleum Corporation","6.56","$82.22M","2017","Energy","Oil & Gas Production","https://old.nasdaq.com/symbol/gdp",
"GTE","Gran Tierra Energy Inc.","0.317","$116.33M","n/a","Energy","Oil & Gas Production","https://old.nasdaq.com/symbol/gte",
"GPL","Great Panther Mining Limited","0.63","$222.16M","n/a","Basic Industries","Precious Metals","https://old.nasdaq.com/symbol/gpl",
"SIM","Grupo Simec, S.A. de C.V.","6.21","$959.42M","1993","Basic Industries","Steel/Iron Ore","https://old.nasdaq.com/symbol/sim",
"AIM","Hemispherx BioPharma, Inc.","3.04","$99.18M","n/a","Health Care","Biotechnology: Biological Products (No Diagnostic Substances)","https://old.nasdaq.com/symbol/aim",
"HLM^","Hillman Group Capital Trust","25.06","n/a","n/a","n/a","n/a","https://old.nasdaq.com/symbol/hlm^",
"HMG","HMG/Courtland Properties, Inc.","10.8099","$10.95M","n/a","Consumer Services","Real Estate Investment Trusts","https://old.nasdaq.com/symbol/hmg",
"HUSA","Houston American Energy Corporation","0.1283","$11.16M","n/a","Energy","Oil & Gas Production","https://old.nasdaq.com/symbol/husa",
"HWM^","Howmet Aerospace Inc.","76.75","n/a","n/a","n/a","n/a","https://old.nasdaq.com/symbol/hwm^",
"IBIO","iBio, Inc.","3.91","$468.4M","n/a","Health Care","Major Pharmaceuticals","https://old.nasdaq.com/symbol/ibio",
"IBO","IBO (Listing Market - NYSE Amex Network B F)","24.84","n/a","n/a","n/a","n/a","https://old.nasdaq.com/symbol/ibo",
"IMH","Impac Mortgage Holdings, Inc.","1.55","$32.91M","1997","Consumer Services","Real Estate Investment Trusts","https://old.nasdaq.com/symbol/imh",
"IMO","Imperial Oil Limited","16.26","$11.94B","n/a","Energy","Integrated oil Companies","https://old.nasdaq.com/symbol/imo",
"IOR","Income Opportunity Realty Investors, Inc.","11.72","$48.85M","n/a","Consumer Services","Real Estate Investment Trusts","https://old.nasdaq.com/symbol/ior",
"IGC","India Globalization Capital Inc.","0.543","$22.36M","n/a","Technology","Electronic Components","https://old.nasdaq.com/symbol/igc",
"INDO","Indonesia Energy Corporation Limited","4.775","$35.37M","2019","Energy","Oil & Gas Production","https://old.nasdaq.com/symbol/indo",
"INFU","InfuSystems Holdings, Inc.","12.1","$242.84M","n/a","Health Care","Medical/Dental Instruments","https://old.nasdaq.com/symbol/infu",
"IHT","InnSuites Hospitality Trust","1.05","$9.77M","n/a","Consumer Services","Real Estate Investment Trusts","https://old.nasdaq.com/symbol/iht",
"NSPR","InspireMD Inc.","0.4655","$15.53M","n/a","Health Care","Medical/Dental Instruments","https://old.nasdaq.com/symbol/nspr",
"NSPR.WS","InspireMD Inc.","n/a","n/a","n/a","n/a","n/a","https://old.nasdaq.com/symbol/nspr.ws",
"NSPR.WS.B","InspireMD Inc.","n/a","n/a","n/a","n/a","n/a","https://old.nasdaq.com/symbol/nspr.ws.b",
"INS","Intelligent Systems Corporation","32.04","$285.96M","1992","Technology","Computer Software: Prepackaged Software","https://old.nasdaq.com/symbol/ins",
"THM","International Tower Hill Mines Ltd","1.96","$367.64M","n/a","Basic Industries","Precious Metals","https://old.nasdaq.com/symbol/thm",
"INTT","inTest Corporation","4.16","$43.4M","1997","Capital Goods","Electrical Products","https://old.nasdaq.com/symbol/intt",
"INUV","Inuvo, Inc","0.596","$44.94M","n/a","Consumer Services","Advertising","https://old.nasdaq.com/symbol/inuv",
"VKI","Invesco Advantage Municipal Income Trust II","10.73","$476.32M","n/a","n/a","n/a","https://old.nasdaq.com/symbol/vki",
"ISR","IsoRay, Inc.","0.6679","$45.18M","n/a","Health Care","Medical/Dental Instruments","https://old.nasdaq.com/symbol/isr",
"ISDR","Issuer Direct Corporation","10.81","$40.78M","n/a","Miscellaneous","Publishing","https://old.nasdaq.com/symbol/isdr",
"ITP","IT Tech Packaging, Inc.","0.5698","$16.25M","n/a","Consumer Durables","Containers/Packaging","https://old.nasdaq.com/symbol/itp",
"KLR","Kaleyra, Inc.","4.7","$100.14M","2018","Technology","EDP Services","https://old.nasdaq.com/symbol/klr",
"KLR.WS","Kaleyra, Inc.","n/a","n/a","n/a","n/a","n/a","https://old.nasdaq.com/symbol/klr.ws",
"KIQ","Kelso Technologies Inc","0.6176","$29.13M","n/a","Capital Goods","Railroads","https://old.nasdaq.com/symbol/kiq",
"LGL","LGL Group, Inc. (The)","8.48","$44.2M","n/a","Capital Goods","Industrial Machinery/Components","https://old.nasdaq.com/symbol/lgl",
"LCTX","Lineage Cell Therapeutics, Inc.","0.8057","$120.71M","n/a","Health Care","Biotechnology: Biological Products (No Diagnostic Substances)","https://old.nasdaq.com/symbol/lctx",
"MAG","MAG Silver Corporation","15.28","$1.39B","n/a","Basic Industries","Precious Metals","https://old.nasdaq.com/symbol/mag",
"MHH","Mastech Digital, Inc","21.44","$240.28M","n/a","Consumer Services","Professional Services","https://old.nasdaq.com/symbol/mhh",
"MTNB","Matinas Biopharma Holdings, Inc.","0.7925","$157.61M","2017","Health Care","Major Pharmaceuticals","https://old.nasdaq.com/symbol/mtnb",
"MMX","Maverix Metals Inc.","4.58","$586.28M","n/a","Basic Industries","Precious Metals","https://old.nasdaq.com/symbol/mmx",
"IPB","Merrill Lynch & Co., Inc. 6.0518% Index Plus Trust Certificate","28.515","n/a","n/a","Finance","Finance: Consumer Services","https://old.nasdaq.com/symbol/ipb",
"MTA","Metalla Royalty & Streaming Ltd.","5.6","$201.76M","n/a","Basic Industries","Precious Metals","https://old.nasdaq.com/symbol/mta",
"MXC","Mexco Energy Corporation","3.0511","$6.22M","n/a","Energy","Oil & Gas Production","https://old.nasdaq.com/symbol/mxc",
"MLSS","Milestone Scientific, Inc.","2.05","$127.6M","2015","Health Care","Industrial Specialties","https://old.nasdaq.com/symbol/mlss",
"MYO","Myomo Inc.","3.78","$10.64M","2017","Health Care","Industrial Specialties","https://old.nasdaq.com/symbol/myo",
"NNVC","NanoViricides, Inc.","6.94","$73.9M","n/a","Health Care","Biotechnology: Commercial Physical & Biological Resarch","https://old.nasdaq.com/symbol/nnvc",
"ATEST","NASDAQ TEST STOCK","27.52","n/a","n/a","n/a","n/a","https://old.nasdaq.com/symbol/atest",
"ATEST.A","NASDAQ TEST STOCK","n/a","n/a","n/a","n/a","n/a","https://old.nasdaq.com/symbol/atest.a",
"ATEST.B","NASDAQ TEST STOCK","n/a","n/a","n/a","n/a","n/a","https://old.nasdaq.com/symbol/atest.b",
"ATEST.C","NASDAQ TEST STOCK","n/a","n/a","n/a","n/a","n/a","https://old.nasdaq.com/symbol/atest.c",
"NHC","National HealthCare Corporation","63.56","$976.13M","n/a","Health Care","Hospital/Nursing Management","https://old.nasdaq.com/symbol/nhc",
"NAVB","Navidea Biopharmaceuticals, Inc.","4.15","$99.08M","n/a","Health Care","Biotechnology: In Vitro & In Vivo Diagnostic Substances","https://old.nasdaq.com/symbol/navb",
"NTIP","Network-1 Technologies, Inc.","2.2364","$53.54M","n/a","Miscellaneous","Multi-Sector Companies","https://old.nasdaq.com/symbol/ntip",
"NBW","Neuberger Berman California Municipal Fund Inc","13.175","$73.14M","2002","n/a","n/a","https://old.nasdaq.com/symbol/nbw",
"NHS","Neuberger Berman High Yield Strategies Fund","10.73","$209.67M","n/a","n/a","n/a","https://old.nasdaq.com/symbol/nhs",
"NML","Neuberger Berman MLP and Energy Income Fund Inc.","2.73","$154.68M","2013","n/a","n/a","https://old.nasdaq.com/symbol/nml",
"NBH","Neuberger Berman Municipal Fund Inc.","14.8612","$279.58M","2002","n/a","n/a","https://old.nasdaq.com/symbol/nbh",
"NBO","Neuberger Berman New York Municipal Fund Inc.","11.8676","$60.26M","2002","n/a","n/a","https://old.nasdaq.com/symbol/nbo",
"NRO","Neuberger Berman Real Estate Securities Income Fund, Inc.","3.64","$172.61M","2003","n/a","n/a","https://old.nasdaq.com/symbol/nro",
"GBR","New Concept Energy, Inc","1.2","$6.16M","n/a","Energy","Oil & Gas Production","https://old.nasdaq.com/symbol/gbr",
"NEN","New England Realty Associates Limited Partnership","57","$208.2M","n/a","Consumer Services","Building operators","https://old.nasdaq.com/symbol/nen",
"NGD","New Gold Inc.","1.38","$932.88M","n/a","Basic Industries","Precious Metals","https://old.nasdaq.com/symbol/ngd",
"NXE","Nexgen Energy Ltd.","1.53","$569.48M","n/a","Basic Industries","Precious Metals","https://old.nasdaq.com/symbol/nxe",
"NAK","Northern Dynasty Minerals, Ltd.","1.69","$783.78M","n/a","Basic Industries","Precious Metals","https://old.nasdaq.com/symbol/nak",
"NOG","Northern Oil and Gas, Inc.","0.7488","$326.47M","n/a","Energy","Oil & Gas Production","https://old.nasdaq.com/symbol/nog",
"NBY","NovaBay Pharmaceuticals, Inc.","1.48","$49.4M","2007","Health Care","Major Pharmaceuticals","https://old.nasdaq.com/symbol/nby",
"NG","Novagold Resources Inc.","8.42","$2.78B","n/a","Basic Industries","Precious Metals","https://old.nasdaq.com/symbol/ng",
"NTN","NTN Buzztime, Inc.","1.85","$5.43M","n/a","Consumer Services","Broadcasting","https://old.nasdaq.com/symbol/ntn",
"NES","Nuverra Environmental Solutions, Inc.","1.8","$28.37M","2017","Energy","Oilfield Services/Equipment","https://old.nasdaq.com/symbol/nes",
"OBLG","Oblong Inc.","3.01","$15.73M","n/a","Technology","Computer Software: Programming, Data Processing","https://old.nasdaq.com/symbol/oblg",
"OCX","OncoCyte Corporation","1.39","$93.43M","2015","Health Care","Biotechnology: In Vitro & In Vivo Diagnostic Substances","https://old.nasdaq.com/symbol/ocx",
"OGEN","Oragenics Inc.","1.11","$61.45M","n/a","Health Care","Major Pharmaceuticals","https://old.nasdaq.com/symbol/ogen",
"PCG^A","Pacific Gas & Electric Co.","30","n/a","n/a","n/a","n/a","https://old.nasdaq.com/symbol/pcg^a",
"PCG^B","Pacific Gas & Electric Co.","26.75","n/a","n/a","n/a","n/a","https://old.nasdaq.com/symbol/pcg^b",
"PCG^C","Pacific Gas & Electric Co.","25.75","n/a","n/a","n/a","n/a","https://old.nasdaq.com/symbol/pcg^c",
"PCG^D","Pacific Gas & Electric Co.","25.15","n/a","n/a","n/a","n/a","https://old.nasdaq.com/symbol/pcg^d",
"PCG^E","Pacific Gas & Electric Co.","25.3","n/a","n/a","n/a","n/a","https://old.nasdaq.com/symbol/pcg^e",
"PCG^G","Pacific Gas & Electric Co.","24.68","n/a","n/a","n/a","n/a","https://old.nasdaq.com/symbol/pcg^g",
"PCG^H","Pacific Gas & Electric Co.","24","n/a","n/a","n/a","n/a","https://old.nasdaq.com/symbol/pcg^h",
"PCG^I","Pacific Gas & Electric Co.","24.6144","n/a","n/a","n/a","n/a","https://old.nasdaq.com/symbol/pcg^i",
"PTN","Palatin Technologies, Inc.","0.529","$121.28M","n/a","Health Care","Major Pharmaceuticals","https://old.nasdaq.com/symbol/ptn",
"PZG","Paramount Gold Nevada Corp.","1.21","$39.88M","2015","Basic Industries","Precious Metals","https://old.nasdaq.com/symbol/pzg",
"PRK","Park National Corporation","68.13","$1.11B","n/a","Finance","Major Banks","https://old.nasdaq.com/symbol/prk",
"PED","Pedevco Corp.","0.783","$56.47M","n/a","Energy","Oil & Gas Production","https://old.nasdaq.com/symbol/ped",
"PFNX","Pfenex Inc.","8.14","$279.14M","2014","Health Care","Major Pharmaceuticals","https://old.nasdaq.com/symbol/pfnx",
"HNW","Pioneer Diversified High Income Trust","12.25","$102.08M","2007","n/a","n/a","https://old.nasdaq.com/symbol/hnw",
"PLAG","Planet Green Holdings Corp","2.56","$28.23M","n/a","Consumer Non-Durables","Packaged Foods","https://old.nasdaq.com/symbol/plag",
"PLG","Platinum Group Metals Ltd.","1.39","$88.36M","n/a","Basic Industries","Precious Metals","https://old.nasdaq.com/symbol/plg",
"PLYM^A","Plymouth Industrial REIT, Inc.","25.1","n/a","n/a","n/a","n/a","https://old.nasdaq.com/symbol/plym^a",
"PLM","Polymet Mining Corp.","0.388","$390.46M","n/a","Basic Industries","Precious Metals","https://old.nasdaq.com/symbol/plm",
"PW","Power REIT","27","$51.65M","n/a","Consumer Services","Real Estate Investment Trusts","https://old.nasdaq.com/symbol/pw",
"PW^A","Power REIT","25.8992","n/a","n/a","n/a","n/a","https://old.nasdaq.com/symbol/pw^a",
"PLX","Protalix BioTherapeutics, Inc.","3.63","$117.77M","n/a","Health Care","Biotechnology: Biological Products (No Diagnostic Substances)","https://old.nasdaq.com/symbol/plx",
"PTK.U","PTK Acquisition Corp.","n/a","n/a","2020","n/a","n/a","https://old.nasdaq.com/symbol/ptk.u",
"RLGT","Radiant Logistics, Inc.","4.16","$205.49M","n/a","Transportation","Oil Refining/Marketing","https://old.nasdaq.com/symbol/rlgt",
"UTG","Reaves Utility Income Fund","31.44","$1.55B","2004","n/a","n/a","https://old.nasdaq.com/symbol/utg",
"RHE","Regional Health Properties, Inc.","1.35","$2.28M","2017","Health Care","Hospital/Nursing Management","https://old.nasdaq.com/symbol/rhe",
"RHE^A","Regional Health Properties, Inc.","2.05","n/a","n/a","n/a","n/a","https://old.nasdaq.com/symbol/rhe^a",
"RCG","RENN Fund, Inc.","1.3","$7.74M","n/a","n/a","n/a","https://old.nasdaq.com/symbol/rcg",
"RVP","Retractable Technologies, Inc.","9.1","$297.41M","n/a","Health Care","Medical/Dental Instruments","https://old.nasdaq.com/symbol/rvp",
"REI","Ring Energy, Inc.","1.07","$72.74M","n/a","Energy","Oil & Gas Production","https://old.nasdaq.com/symbol/rei",
"RIF","RMR Real Estate Income Fund","11.82","$120.59M","n/a","n/a","n/a","https://old.nasdaq.com/symbol/rif",
"SACC","Sachem Capital Corp.","22.75","n/a","2019","Consumer Services","Real Estate Investment Trusts","https://old.nasdaq.com/symbol/sacc",
"SACH","Sachem Capital Corp.","2.95","$65.25M","2017","Consumer Services","Real Estate Investment Trusts","https://old.nasdaq.com/symbol/sach",
"SCCB","Sachem Capital Corp.","23.95","n/a","2019","Consumer Services","Real Estate Investment Trusts","https://old.nasdaq.com/symbol/sccb",
"SNMP","Sanchez Midstream Partners LP","0.3156","$6.3M","n/a","Energy","Oil & Gas Production","https://old.nasdaq.com/symbol/snmp",
"SEB","Seaboard Corporation","2976.33","$3.45B","1996","Finance","Investment Bankers/Brokers/Service","https://old.nasdaq.com/symbol/seb",
"SENS","Senseonics Holdings, Inc.","0.43","$97.89M","n/a","Capital Goods","Industrial Machinery/Components","https://old.nasdaq.com/symbol/sens",
"SVT","Servotronics, Inc.","7.8564","$19.46M","n/a","Capital Goods","Industrial Machinery/Components","https://old.nasdaq.com/symbol/svt",
"SMTS","Sierra Metals Inc.","1.24","$201.89M","n/a","Basic Industries","Precious Metals","https://old.nasdaq.com/symbol/smts",
"SIF","SIFCO Industries, Inc.","3.8501","$22.78M","n/a","Capital Goods","Aerospace","https://old.nasdaq.com/symbol/sif",
"SVM","Silvercorp Metals Inc.","6.63","$1.16B","n/a","Basic Industries","Precious Metals","https://old.nasdaq.com/symbol/svm",
"SILV","SilverCrest Metals Inc.","9.06","$983.29M","2018","Basic Industries","Precious Metals","https://old.nasdaq.com/symbol/silv",
"XPL","Solitario Zinc Corp.","0.391","$22.72M","n/a","Basic Industries","Precious Metals","https://old.nasdaq.com/symbol/xpl",
"SCE^B","Southern California Edison Company","21.99","n/a","n/a","n/a","n/a","https://old.nasdaq.com/symbol/sce^b",
"SCE^C","Southern California Edison Company","23.2","n/a","n/a","n/a","n/a","https://old.nasdaq.com/symbol/sce^c",
"SCE^D","Southern California Edison Company","23.79","n/a","n/a","n/a","n/a","https://old.nasdaq.com/symbol/sce^d",
"SCE^E","Southern California Edison Company","24.6428","n/a","n/a","n/a","n/a","https://old.nasdaq.com/symbol/sce^e",
"LOV","Spark Networks, Inc.","3.99","$103.97M","2017","Consumer Services","Other Consumer Services","https://old.nasdaq.com/symbol/lov",
"STXS","Stereotaxis, Inc.","4.2","$305.34M","n/a","Health Care","Biotechnology: Electromedical & Electrotherapeutic Apparatus","https://old.nasdaq.com/symbol/stxs",
"SSY","SunLink Health Systems, Inc.","0.88","$6.07M","n/a","Health Care","Hospital/Nursing Management","https://old.nasdaq.com/symbol/ssy",
"SDPI","Superior Drilling Products, Inc.","0.7196","$18.3M","2014","Energy","Metal Fabrications","https://old.nasdaq.com/symbol/sdpi",
"SYN","Synthetic Biologics, Inc","0.5208","$9.51M","n/a","Health Care","Major Pharmaceuticals","https://old.nasdaq.com/symbol/syn",
"TKAT","Takung Art Co., Ltd.","1.03","$11.61M","n/a","Consumer Services","Other Specialty Stores","https://old.nasdaq.com/symbol/tkat",
"TALO.WS","Talos Energy, Inc.","n/a","n/a","n/a","n/a","n/a","https://old.nasdaq.com/symbol/talo.ws",
"TRX","Tanzanian Gold Corporation","0.95","$152.38M","n/a","Basic Industries","Precious Metals","https://old.nasdaq.com/symbol/trx",
"TGB","Taseko Mines Limited","0.5688","$140.04M","n/a","Basic Industries","Precious Metals","https://old.nasdaq.com/symbol/tgb",
"TGC","Tengasco, Inc.","0.5538","$5.91M","n/a","Energy","Oil & Gas Production","https://old.nasdaq.com/symbol/tgc",
"GLU","The Gabelli Global Utility and Income Trust","16.788","$90.14M","2004","n/a","n/a","https://old.nasdaq.com/symbol/glu",
"GLU^A","The Gabelli Global Utility and Income Trust","47.97","n/a","n/a","n/a","n/a","https://old.nasdaq.com/symbol/glu^a",
"GLU^B","The Gabelli Global Utility and Income Trust","51.5","n/a","n/a","n/a","n/a","https://old.nasdaq.com/symbol/glu^b",
"GGO","The Gabelli Go Anywhere Trust","10.75","$16.66M","2016","n/a","n/a","https://old.nasdaq.com/symbol/ggo",
"GGO^A","The Gabelli Go Anywhere Trust","40.717","n/a","n/a","n/a","n/a","https://old.nasdaq.com/symbol/ggo^a",
"TDW.WS","Tidewater Inc.","n/a","n/a","n/a","n/a","n/a","https://old.nasdaq.com/symbol/tdw.ws",
"TMBR","Timber Pharmaceuticals, Inc.","2.4","$28.44M","2015","Health Care","Major Pharmaceuticals","https://old.nasdaq.com/symbol/tmbr",
"TMP","Tompkins Financial Corporation","62.06","$925.15M","n/a","Finance","Major Banks","https://old.nasdaq.com/symbol/tmp",
"TAT","Transatlantic Petroleum Ltd","0.26","$16.31M","n/a","Energy","Oil & Gas Production","https://old.nasdaq.com/symbol/tat",
"TRXC","TransEnterix, Inc.","0.34","$33.92M","n/a","Health Care","Medical/Dental Instruments","https://old.nasdaq.com/symbol/trxc",
"TMQ","Trilogy Metals Inc.","1.92","$270.65M","n/a","Basic Industries","Precious Metals","https://old.nasdaq.com/symbol/tmq",
"TPHS","Trinity Place Holdings Inc.","1.41","$45.4M","n/a","Consumer Services","Building operators","https://old.nasdaq.com/symbol/tphs",
"TRT","Trio-Tech International","3.17","$11.64M","n/a","Technology","Industrial Machinery/Components","https://old.nasdaq.com/symbol/trt",
"UFAB","Unique Fabricating, Inc.","2.8597","$27.97M","2015","Capital Goods","Auto Parts:O.E.M.","https://old.nasdaq.com/symbol/ufab",
"UAMY","United States Antimony Corporation","0.4538","$31.73M","n/a","Capital Goods","Metal Fabrications","https://old.nasdaq.com/symbol/uamy",
"UUU","Universal Security Instruments, Inc.","1.29","$2.98M","n/a","Technology","Electronic Components","https://old.nasdaq.com/symbol/uuu",
"URG","Ur Energy Inc","0.4902","$78.67M","n/a","Basic Industries","Precious Metals","https://old.nasdaq.com/symbol/urg",
"UEC","Uranium Energy Corp.","0.9928","$182.86M","n/a","Basic Industries","Precious Metals","https://old.nasdaq.com/symbol/uec",
"VHC","VirnetX Holding Corp","5.15","$364.82M","n/a","Miscellaneous","Multi-Sector Companies","https://old.nasdaq.com/symbol/vhc",
"VGZ","Vista Gold Corporation","0.876","$89.44M","n/a","Basic Industries","Precious Metals","https://old.nasdaq.com/symbol/vgz",
"VNRX","VolitionRX Limited","3.71","$171.5M","2015","Health Care","Biotechnology: In Vitro & In Vivo Diagnostic Substances","https://old.nasdaq.com/symbol/vnrx",
"VOLT","Volt Information Sciences, Inc.","1.48","$31.68M","n/a","Technology","Professional Services","https://old.nasdaq.com/symbol/volt",
"EAD","Wells Fargo Income Opportunities Fund","7.18","$435.27M","2003","n/a","n/a","https://old.nasdaq.com/symbol/ead",
"ERC","Wells Fargo Multi-Sector Income Fund","11.12","$334.49M","2003","n/a","n/a","https://old.nasdaq.com/symbol/erc",
"ERH","Wells Fargo Utilities and High Income Fund","13.32","$123.48M","2004","n/a","n/a","https://old.nasdaq.com/symbol/erh",
"WRN","Western Copper and Gold Corporation","1.18","$135.3M","2011","Basic Industries","Precious Metals","https://old.nasdaq.com/symbol/wrn",
"WYY","WidePoint Corporation","0.6566","$56.57M","n/a","Technology","EDP Services","https://old.nasdaq.com/symbol/wyy",
"WTT","Wireless Telecom Group,  Inc.","1.0899","$23.59M","n/a","Capital Goods","Electrical Products","https://old.nasdaq.com/symbol/wtt",
"XTNT","Xtant Medical Holdings, Inc.","1.12","$14.81M","n/a","Health Care","Biotechnology: Biological Products (No Diagnostic Substances)","https://old.nasdaq.com/symbol/xtnt",
"ZDGE","Zedge, Inc.","1.54","$18.79M","2016","Technology","Computer Software: Prepackaged Software","https://old.nasdaq.com/symbol/zdge",
"ZOM","Zomedica Pharmaceuticals Corp.","0.1627","$85.18M","2017","Health Care","Major Pharmaceuticals","https://old.nasdaq.com/symbol/zom",
